{
	"id": "cdf5963d-9be8-421f-86c0-887001c59d9b",
	"name": "local",
	"values": [
		{
			"key": "base_url",
			"value": "http://localhost:3000/api/v1/",
			"enabled": true
		},
		{
			"key": "userToken",
			"value": "eyJhbGciOiJIUzI1NiIsInR5cCI6IkpXVCJ9.eyJzdWIiOiI2MTJiMDlmZTE0ZGMzZTJjNmY5YzFkMzkiLCJpYXQiOjE2MzAyMjM5MDMsImV4cCI6MTY2MTc1OTkwM30.bqZWMknPgwBrK04rPt58lIAGWZmfZXuESl3TieK1yvc",
			"enabled": true
		},
		{
			"key": "shopToken",
			"value": "eyJhbGciOiJIUzI1NiIsInR5cCI6IkpXVCJ9.eyJzdWIiOiI2MTJiMDlmZTE0ZGMzZTJjNmY5YzFkMzciLCJpYXQiOjE2MzAyMjUwMzMsImV4cCI6MTY2MTc2MTAzM30.VpcVwv4zVyj9Qgo6EBiqWzDiegT_yArcfqzIurKtmoM",
			"enabled": true
		}
	],
	"_postman_variable_scope": "environment",
	"_postman_exported_at": "2021-08-29T12:50:03.646Z",
	"_postman_exported_using": "Postman/8.11.1"
}