{
	"info": {
		"_postman_id": "cadb06ac-bf1f-4c88-a84d-449546f78bf1",
		"name": "Shopping",
		"schema": "https://schema.getpostman.com/json/collection/v2.1.0/collection.json"
	},
	"item": [
		{
			"name": "Product",
			"item": [
				{
					"name": "Add Product",
					"request": {
						"method": "POST",
						"header": [
							{
								"key": "Authorization",
								"value": "Bearer {{shopToken}}",
								"type": "text"
							}
						],
						"body": {
							"mode": "formdata",
							"formdata": [
								{
									"key": "name",
									"value": "Product Name",
									"type": "text"
								},
								{
									"key": "categoryId",
									"value": "612b157c0e77ef3e3b53be58",
									"type": "text"
								},
								{
									"key": "subCategoryId",
									"value": "612b1f83cf600550f4ea2144",
									"type": "text"
								},
								{
									"key": "description",
									"value": "description",
									"type": "text"
								},
								{
									"key": "price",
									"value": "12",
									"type": "text"
								},
								{
									"key": "status",
									"value": "true",
									"type": "text"
								},
								{
									"key": "image",
									"type": "file",
									"src": "/home/dev/Pictures/Screenshot from 2021-08-23 18-28-04.png"
								}
							]
						},
						"url": {
							"raw": "{{base_url}}product/add",
							"host": [
								"{{base_url}}product"
							],
							"path": [
								"add"
							]
						}
					},
					"response": []
				},
				{
					"name": "Product List",
					"protocolProfileBehavior": {
						"disableBodyPruning": true
					},
					"request": {
						"method": "GET",
						"header": [
							{
								"key": "Authorization",
								"value": "Bearer {{shopToken}}",
								"type": "text"
							}
						],
						"body": {
							"mode": "formdata",
							"formdata": []
						},
						"url": {
							"raw": "{{base_url}}/product/list",
							"host": [
								"{{base_url}}"
							],
							"path": [
								"product",
								"list"
							]
						}
					},
					"response": []
				},
				{
					"name": "Single Product",
					"protocolProfileBehavior": {
						"disableBodyPruning": true
					},
					"request": {
						"method": "GET",
						"header": [
							{
								"key": "Authorization",
								"value": "Bearer {{shopToken}}",
								"type": "text"
							}
						],
						"body": {
							"mode": "formdata",
							"formdata": []
						},
						"url": {
							"raw": "{{base_url}}/product/single/612b3d41f90d7e7e20e7e78b",
							"host": [
								"{{base_url}}"
							],
							"path": [
								"product",
								"single",
								"612b3d41f90d7e7e20e7e78b"
							]
						}
					},
					"response": []
				},
				{
					"name": "Update Product",
					"request": {
						"method": "PUT",
						"header": [
							{
								"key": "Authorization",
								"value": "Bearer {{shopToken}}",
								"type": "text"
							}
						],
						"body": {
							"mode": "formdata",
							"formdata": [
								{
									"key": "name",
									"value": "Update Product Name",
									"type": "text"
								},
								{
									"key": "categoryId",
									"value": "612b157c0e77ef3e3b53be58",
									"type": "text"
								},
								{
									"key": "subCategoryId",
									"value": "612b1f83cf600550f4ea2144",
									"type": "text"
								},
								{
									"key": "description",
									"value": "Update description",
									"type": "text"
								},
								{
									"key": "price",
									"value": "15",
									"type": "text"
								},
								{
									"key": "status",
									"value": "false",
									"type": "text"
								},
								{
									"key": "image",
									"type": "file",
									"src": "/home/dev/Pictures/Screenshot from 2021-08-23 18-28-04.png"
								}
							]
						},
						"url": {
							"raw": "{{base_url}}product/update/612b268474d72d5c4918337e",
							"host": [
								"{{base_url}}product"
							],
							"path": [
								"update",
								"612b268474d72d5c4918337e"
							]
						}
					},
					"response": []
				},
				{
					"name": "Delete Product",
					"request": {
						"method": "DELETE",
						"header": [
							{
								"key": "Authorization",
								"value": "Bearer {{shopToken}}",
								"type": "text"
							}
						],
						"body": {
							"mode": "formdata",
							"formdata": []
						},
						"url": {
							"raw": "{{base_url}}product/delete/612b348a475e2e74e2abc506",
							"host": [
								"{{base_url}}product"
							],
							"path": [
								"delete",
								"612b348a475e2e74e2abc506"
							]
						}
					},
					"response": []
				}
			]
		},
		{
			"name": "User",
			"item": [
				{
					"name": "Add to Cart",
					"request": {
						"method": "POST",
						"header": [
							{
								"key": "Authorization",
								"value": "Bearer {{userToken}}",
								"type": "text"
							}
						],
						"body": {
							"mode": "raw",
							"raw": "{\n    \"productId\": \"612b3d41f90d7e7e20e7e78b\",\n    \"quantity\": 1\n}",
							"options": {
								"raw": {
									"language": "json"
								}
							}
						},
						"url": {
							"raw": "{{base_url}}/product/addToCart",
							"host": [
								"{{base_url}}"
							],
							"path": [
								"product",
								"addToCart"
							]
						}
					},
					"response": []
				},
				{
					"name": "Place Order",
					"request": {
						"method": "POST",
						"header": [
							{
								"key": "Authorization",
								"value": "Bearer {{userToken}}",
								"type": "text"
							}
						],
						"body": {
							"mode": "raw",
							"raw": "",
							"options": {
								"raw": {
									"language": "json"
								}
							}
						},
						"url": {
							"raw": "{{base_url}}/product/placeOrder",
							"host": [
								"{{base_url}}"
							],
							"path": [
								"product",
								"placeOrder"
							]
						}
					},
					"response": []
				},
				{
					"name": "Get Cart Count",
					"protocolProfileBehavior": {
						"disableBodyPruning": true
					},
					"request": {
						"method": "GET",
						"header": [
							{
								"key": "Authorization",
								"value": "Bearer {{userToken}}",
								"type": "text"
							}
						],
						"body": {
							"mode": "raw",
							"raw": "",
							"options": {
								"raw": {
									"language": "json"
								}
							}
						},
						"url": {
							"raw": "{{base_url}}product/getCartCount",
							"host": [
								"{{base_url}}product"
							],
							"path": [
								"getCartCount"
							]
						}
					},
					"response": []
				}
			]
		},
		{
			"name": "Category",
			"item": [
				{
					"name": "Get All Category",
					"protocolProfileBehavior": {
						"disableBodyPruning": true
					},
					"request": {
						"method": "GET",
						"header": [
							{
								"key": "Authorization",
								"value": "Bearer {{userToken}}",
								"type": "text"
							}
						],
						"body": {
							"mode": "raw",
							"raw": "",
							"options": {
								"raw": {
									"language": "json"
								}
							}
						},
						"url": {
							"raw": "{{base_url}}categories",
							"host": [
								"{{base_url}}categories"
							]
						}
					},
					"response": []
				},
				{
					"name": "Get Sub category using main categoryID",
					"protocolProfileBehavior": {
						"disableBodyPruning": true
					},
					"request": {
						"method": "GET",
						"header": [
							{
								"key": "Authorization",
								"value": "Bearer {{userToken}}",
								"type": "text"
							}
						],
						"body": {
							"mode": "raw",
							"raw": "",
							"options": {
								"raw": {
									"language": "json"
								}
							}
						},
						"url": {
							"raw": "{{base_url}}categories/sub/612b157c0e77ef3e3b53be5c",
							"host": [
								"{{base_url}}categories"
							],
							"path": [
								"sub",
								"612b157c0e77ef3e3b53be5c"
							]
						}
					},
					"response": []
				}
			]
		},
		{
			"name": "Login",
			"request": {
				"method": "POST",
				"header": [],
				"body": {
					"mode": "raw",
					"raw": "{\n    \"username\": \"user1\",\n    \"password\": \"devhero\"\n}",
					"options": {
						"raw": {
							"language": "json"
						}
					}
				},
				"url": {
					"raw": "{{base_url}}users/login",
					"host": [
						"{{base_url}}users"
					],
					"path": [
						"login"
					]
				}
			},
			"response": []
		},
		{
			"name": "Product All List",
			"protocolProfileBehavior": {
				"disableBodyPruning": true
			},
			"request": {
				"method": "GET",
				"header": [
					{
						"key": "Authorization",
						"value": "",
						"type": "text"
					}
				],
				"body": {
					"mode": "formdata",
					"formdata": []
				},
				"url": {
					"raw": "{{base_url}}product/all",
					"host": [
						"{{base_url}}product"
					],
					"path": [
						"all"
					]
				}
			},
			"response": []
		}
	]
}